"1","5","4","4","4","4","5","5","3","4","Paciência ","Ser agoniada ","Proatividade "
"2","4","3","4","3","5","3","4","4","4","Se organizar no seu tempo.","De se distrair com facilidade ","Comunicativo e proatividade "
"3","5","4","3","4","4","5","4","5","5","Ter confiança nele mesmo.","Inseguro ","Organizado, comunicativo e proativo."
"4","5","4","4","5","5","3","5","5","5","organizar suas ideias","nada","Pesquisar e correr atrás"
"5","5","5","3","5","5","5","5","5","5","Respirar para controlar a ansiedade","nada","buscar se aprimorardorme"
"6","5","5","5","5","5","5","5","5","5","aprender novas técnicas ","Não sei.","Manter a serenidade"
"7","5","5","5","5","5","5","4","5","4","Ouvir um pouco mais os demais membros.","Não há nada que o avaliado deve parar de fazer.","Continuar sendo participativa e muito útil para o grupo como ela foi ao longo do projeto."
"8","5","5","5","4","4","5","5","5","5","Descansar um pouco mais para render mais no projeto","Participar um pouco mais das comunicações online do grupo.","Continuar com espírito de liderança e continuar sendo muito bem informado."
"9","3","5","5","3","4","4","5","5","5","Ser um pouco mais pontual.","Ela foi muito bem participativa e útil, o único negativo foi o pequeno atraso em uma reunião, mas fora isso, não é necessário que haja mudança no que ela faz.","Sendo participativa e também deve continuar ouvindo bem a todos os membros e desenvolvendo suas ideias."
"10","4","5","5","5","3","4","5","5","5","Comunicar-se melhor com a equipe.","De agir timidamente ","Ser criativa e mostrar proatividade"
"11","5","4","1","4","4","5","5","5","5","Ter um pouco mas de autoconfiança","Trabalhar tão na defensiva","Sendo proativo e disposto"
"12","3","4","2","4","3","4","4","5","5","Ter mais firmeza nas tomadas de decisões.","Repensar em como defender ideias diferentes, não só aceitá-las","Ser paciente e proativa"
"13","5","5","5","4","5","5","5","5","5","Manter-se mais atualizado quanto a  comunicação da equipe. Como checar o e-mail e o slack com mais frequência.","Perder o foco das tarefas durante a discussão de conteúdo (brainstorm).","Manter a maneira de atuação nos trabalhos em grupo."
"14","5","2","1","1","5","3","5","5","4","Organizar seus horários de forma a garantir uma participação mais efetiva nas tarefas, além de uma maior produtividade.","Apenas receber informações, tornando sua opinião desconhecida.","Fornecer dados pertinentes e úteis cerca dos conteúdos discutidos."
"15","5","5","5","5","5","5","5","5","5","?","Não tenho queixas.","deve continuar presente nas discussões sobres as atividades propostas e continuar sendo simpático e comunicativo."
"16","4","4","3","3","3","4","3","5","5","Se mostrar mais presente nas discussões do grupo e opinar mais sobre como o trabalho deve ser feito.","Parar de esperar pela iniciativa de outros integrantes.","Continuar sendo paciente e continuar respondendo diretas rapidamente "
"17","5","5","5","3","5","5","5","5","5","nada, acho que esta ótimo ","esperar pela pessoa quando vê que ela não vai fazer a parte dela","o que já vem fazendo"
"18","4","5","4","5","5","5","5","5","5","nada, acho que assim está bom","esperar as pessoas para começar a fazer","o que já vem fazendo"
"19","5","5","3","5","5","5","5","5","5","Desenvolver melhor seus pensamentos","Nada","Proativa"
"20","3","3","2","3","1","3","2","5","5","Pontual e proativo ","Desenteresse ","Paciente "
"21","5","4","3","3","5","4","5","5","5","Lucas se mostrou uma pessoa criativa, objetiva e inteligente. Acredito que se ele reconhecer e trabalhar melhor essas características, ele pode se tornar mais proativo e vir a se tornar um líder.","Como dito anteriormente, ele não deveria esperar pelas iniciativas alheias, ele tem qualidades que podem fazer ele tomar frente de grandes projetos. Diria para ele ter mais iniciativa.","Deve continuar trazendo boas soluções, sendo empático e solícito. "
"0","5","4","0","2","4","4","3","5","5","Gabriel é uma pessoa que se mostra disponível a fazer o que o orientarem. Durante os desafios não se mostrou  uma pessoa de iniciativa. Ele precisa trabalhar isso. Ele deve se mostrar mais, expor quais são suas qualidades.","Ser menos passivo, ser mais participativo. Ele precisa tomar mais iniciativa nas funções. Não esperar tanto pelos outros","Sendo pontual, compreensivo e disponível (para diálogo e execução de atividades)."
"1","4","5","3","3","5","3","5","5","4","Ela deve começar a ser mais organizada ","Nada em especial","Continuar sendo comunicativa "
"2","5","4","3","4","4","5","4","4","4","Começar a trabalhar um pouco seus aspectos de liderança (mesmo ele tendo esses aspectos acho que ele pode melhorar um pouco mais)","Nada em especial","Continuar sendo organizado, principalmente com as idéias para por em pauta"
"3","3","4","1","5","5","2","4","3","3","Começar a levar assuntos mais a  sério.","Brincar com tudo, sem exceção","Sendo amigável e divertido"
"4","4","5","4","3","5","4","5","5","3","não tenho uma opinião sobre isso","não tenho uma opinião sobre isso","Sendo assíduo e participativo como de costume"
"5","5","5","2","3","3","4","5","5","3","não tenho uma opinião sobre isso","não tenho uma opinião sobre isso","trabalhando"
"6","5","5","5","5","5","4","5","5","5","não tenho uma opinião sobre isso","não tenho uma opinião sobre isso","não tenho uma opinião sobre isso"
"7","5","5","3","5","3","5","5","5","5","não tenho uma opinião sobre isso","não tenho uma opinião sobre isso","não tenho uma opinião sobre isso"
"8","5","5","3","4","4","5","5","4","3","não tenho uma opinião sobre isso","não tenho uma opinião sobre isso","não tenho uma opinião sobre isso"
"9","4","5","3","4","5","3","5","4","3","não tenho uma opinião sobre isso","não tenho uma opinião sobre isso","não tenho uma opinião sobre isso"
"10","5","5","3","5","3","5","5","5","3","não tenho uma opinião sobre isso","não tenho uma opinião sobre isso","não tenho uma opinião sobre isso"
"11","5","5","3","5","4","4","5","5","3","não tenho uma opinião sobre isso","não tenho uma opinião sobre isso","não tenho uma opinião sobre isso"
"12","5","5","4","5","3","4","5","4","3","não tenho uma opinião sobre isso","não tenho uma opinião sobre isso","não tenho uma opinião sobre isso"
"13","4","3","5","5","5","5","4","5","4","não tenho uma opinião sobre isso","não tenho uma opinião sobre isso","não tenho uma opinião sobre isso"
"14","4","4","3","4","5","5","5","4","3","não tenho uma opinião sobre isso","não tenho uma opinião sobre isso","não tenho uma opinião sobre isso"
"15","3","5","5","5","5","5","5","3","5","não tenho uma opinião sobre isso","não tenho uma opinião sobre isso","não tenho uma opinião sobre isso"
"16","5","5","5","5","5","5","5","4","5","não tenho uma opinião sobre isso","não tenho uma opinião sobre isso","não tenho uma opinião sobre isso"
"17","5","5","3","4","5","3","5","5","3","não tenho uma opinião sobre isso","não tenho uma opinião sobre isso","não tenho uma opinião sobre isso"
"18","4","4","5","5","5","4","5","3","3","Não sei","Não sei","Desenhar o miranha"
"19","4","4","5","5","5","4","5","3","3","Não sei","Não sei","Desenhar o miranha"
"20","3","4","1","3","2","5","4","5","5","Não sei","Não sei","Sendo humilde"
"21","5","5","5","5","5","5","5","5","5","Nada","Nada","Sendo engraçado"
"0","4","4","3","3","5","5","5","5","5","Não sei","Não sei","Sendo gente fina"
"1","5","5","4","5","4","5","5","5","5","Se expressar mais","Nada","Estudando bastante"
"2","3","4","4","3","3","4","5","3","3","Não sei","Não sei","Não sei"
"3","5","5","2","3","1","4","3","3","3","Se expressar mais claramente","Não sei","Estudando muito"
"4","5","5","5","5","5","5","5","5","5","Nada","De ficar triste","Sendo gente fina"
"5","5","5","4","5","5","4","5","4","5","Não sei","Não sei","Sendo humilde"
"6","5","4","5","5","5","5","5","5","5","A estar mais presente a  noite com o resto da equipe","Nada","Sendo gente fina"
"7","3","4","3","3","4","4","4","5","5","Não sei","Não sei","Não sei"
"8","5","3","5","5","5","5","5","5","5","Nada","Nada","Sendo engraçada"
"9","4","4","5","5","5","5","5","4","5","Não sei","De arrumar intriga","Sendo engraçada"
"10","5","4","4","5","4","5","4","5","4","Não sei","Não sei","Sendo gente fina"
"11","5","5","5","5","5","5","5","5","5","Nada","Nada","Tudo"
"12","5","5","5","5","5","5","5","5","5","Nada","Nada","Tudo"
"13","4","5","4","5","5","4","4","4","4","Não sei","Não sei","Sendo engraçado"
"14","5","5","5","5","5","5","5","5","5","Nada","Nada","Tudo"
"15","5","4","4","5","5","5","5","3","3","A abrir mais a mente para novas ideias","De ser tão conservadora","Sendo engraçada"
"16","4","5","5","5","5","5","5","5","5","Estudar mais","De conversar tanto durante o expediente","Sendo gente fina"
"17","4","5","3","3","4","5","5","3","5","Não sei","Não sei","Sendo humilde"
"18","4","4","5","3","5","3","3","5","5","Não sei","Não sei","Sendo engraçada"
"19","5","5","5","5","5","4","5","4","4","Estudar mais","Jogar tanto","Sendo gente fina"
"20","4","5","3","3","4","4","5","5","5","Não sei","Nada","Sendo autêntico"
"21","5","5","5","5","5","5","5","5","5","---","---","O que ele já faz"
"0","5","5","5","5","5","5","5","5","5","---","---","O que ele já faz"
"1","5","5","5","5","5","5","5","4","5","---","Perder a concentração em alguns assuntos","Bom trabalho"
"2","5","5","5","5","5","5","4","4","5","Concentrar-se mais","Perder concentração ","Bom trabalho"
"3","1","1","2","2","2","5","3","5","5","Aparecer mais a  noite","---","---"
"4","1","1","2","2","3","5","3","5","5","Aparecer mais a  noite","---","---"
"5","4","4","5","5","5","5","4","3","5","---","Parar de usar o computador pra estudar coisas não relacionadas ao trabalho","---"
"6","5","5","5","5","5","5","5","4","2","---","Perder a concentração com vários assuntos","---"
"7","5","5","4","5","5","5","5","5","5","---","---","Bom trabalho"
"8","5","5","4","4","5","5","5","5","2","---","Distrair","Bom trabalho"
"9","5","4","5","5","4","5","5","5","3","---","Distrair","Bom trabalho"
"10","5","5","4","5","5","5","5","5","4","---","---","Bom trabalho"
"11","5","5","5","5","5","5","5","4","5","---","---","Bom trabalho"
"12","5","5","5","5","3","5","5","5","3","---","---","Bom trabalho"
"13","4","4","5","5","5","5","5","4","5","---","---","Bom trabalho"
"14","4","4","5","5","5","5","5","3","3","Deixar as pessoas falarem nas reuniões","Não interromper","Bom trabalho"
"15","5","4","3","5","3","5","5","5","5","Se comunicar mais","---","Bom trabalho"
"16","5","4","5","5","5","5","5","4","5","---","---","Bom trabalho"
"17","5","5","5","5","5","5","5","4","5","---","---","Bom trabalho"
"18","5","5","3","4","5","5","5","5","5","Não sei ","Não sei ","Desenhos no Quadro "
"19","5","5","3","5","3","5","5","5","4","Se comunicar mais/melhor","brincar no expediente ","Divertido e leve"
"20","5","5","3","5","3","5","5","5","4","Se comunicar mais/melhor","brincar no expediente ","Divertido e leve"
"21","5","5","0","2","2","4","4","5","4","Se comunicar mais/melhor","ser tão introvertido ","paciente e calmo "
"0","4","5","3","5","5","3","5","5","5","Delegar mais funções","concentrar funções","tranquilo e bem humorado"
"1","5","5","3","5","3","5","5","5","5","Comunicar melhor","ser tao timido ","trabalhando bem "
"2","5","5","2","4","3","5","4","5","4","Falar mais, mais expressivo","Ser tão calmo/passivo","dedicação "
"3","5","5","0","3","2","5","3","5","4","Falar mais, mais expressivo","Ser tão calmo/passivo","Seriedade "
"4","2","4","3","2","2","4","2","2","2","Ser mais flexível e educado","Deve parar de se sentir dono do projeto e  parar de ser tão mau educado","Continuar tentando entender o excel que calcula as cargas. "
"5","4","4","1","3","5","3","3","5","4","Ser mais atento e responsavel ","Ser tão distraido ","tranquilidade e serenidade"
"6","5","5","1","5","2","5","4","5","3","Mais comunicativo, falar mais alto ","ser tão introvertido ","Trabalho bem feito "
"7","3","4","2","2","2","5","3","4","2","falar com clareza e objetividade ","ser incoveniente e prolixo","ajudar nas simulações "
"8","5","5","3","5","3","5","4","3","0","Pensar mais no coletivo","Ser mimada","Comprometimento "
"9","5","5","1","3","0","5","5","5","5","Falar mais ","Ser tão introvertida","Comprometimento "
"10","2","4","4","5","5","5","5","5","5","seguir as mesmas regras que os outros integrantes, quase ninguém é liberado para trabalhar em casa, por exemplo.","Parar de usar autoridade para adquirir privilegios ","intermediador de discussões"
"11","5","5","5","5","5","5","5","3","5","Saber medir brincadeiras","concentração no trabalho ","organização e trabalho bem feito "
"12","4","5","2","4","3","5","3","1","3","Ser mais tranquilo","Ser grosseira ","responsabilidade"
"13","2","1","4","5","4","5","5","3","4","Deve começar a cumprir o expediente na mesma hora que os outros membros.","Deve parar de usar sua autoridade para ter privilegios que outros membros não tem.","Organizando as coisas "
"14","5","5","4","5","5","4","5","5","5","Falar mais","Timido ","responsabilidade"
"15","5","5","3","5","2","4","5","3","4","ser mais ativo nas suas opiniões","""ficar de saco cheio"" e por isso parar de prestar atenção nas reuniões","ajudando "
"16","5","5","4","3","5","3","3","3","4","Procurar exercer mais suas características de liderança","Nada em específico","Ser competente e uma pessoa agradável"
"17","5","5","4","3","5","3","3","3","4","Procurar exercer mais suas características de liderança","Nada em específico","Ser competente e uma pessoa agradável"
"18","4","5","2","2","4","3","4","5","5","Nada em específico, ninguém tem que ser perfeito","Nada em específico","Ser uma pessoa cooperativa, agradável e que colabora para união da equipe"
"19","4","3","3","4","2","4","4","5","4","Ser mais comunicativo, talvez ter mais perspectiva de líder","Nada em específico","Ser uma pessoa empática, competente e genial"
"20","4","3","3","4","2","4","4","5","4","Ser mais comunicativo, talvez ter mais perspectiva de líder","Nada em específico","Ser uma pessoa empática, competente e genial"
"21","4","3","3","4","2","4","4","5","4","Ser mais comunicativo, talvez ter mais perspectiva de líder","Nada em específico","Ser uma pessoa empática, competente e genial"
"0","5","4","3","3","4","3","4","4","3","Questionar mais a opinião alheia","Nada em específico","Ser uma pessoa competente e colabora para união da equipe"
"1","3","3","4","3","3","3","3","3","3","Falar de forma mais branda ao expressar desejos e objeções","nada em específico","Ser uma pessoa firme e competente"
"2","5","5","2","2","4","5","4","4","2","Ser mais empático","Nada em específico","Ser pontual, assíduo e continuar explicando bem as coisas"
"3","5","3","3","4","4","4","2","2","2","Nada em específico","Ser menos individualista","Ser competente e responsável"
"4","3","3","5","5","5","3","4","2","3","Ser mais cabeça fria","Ser menos impulsiva","Liderar, ser competente e fofinha."
"5","3","4","3","3","3","3","2","2","5","Confiar mais nos subordinados e ser mais assertiva","Nada em específico","Ser justa e cuidar dos seus subordinados"
"6","3","3","3","3","4","3","4","5","3","Empregar o seu potencial intelectual e criativo","Nada em especifico","Ser uma pessoa agradável"
"7","4","4","2","2","3","3","4","4","4","Ter um olhar mais de líder","Nada em especifico","Ser uma pessoa solícita e que trabalha bem em grupo"
"8","3","3","4","4","4","4","3","5","2","Trabalhar a parte empática, exercer seu potencial de liderança e repassar sua experiencia aos colegas","Nada em especifico","Ser competente e proativo"
"9","5","4","2","3","2","4","2","5","4","Lidar melhor com negativas","Nada em especifico","Trabalhar sua assertividade"
"10","5","4","2","3","2","4","2","5","4","Lidar melhor com negativas","Nada em especifico","Trabalhar sua assertividade"
"11","3","3","4","5","5","4","4","3","4","Ser mais de boas","Nada em especifico","Liderar bem o Mandacaru"
"12","3","3","4","5","5","4","4","3","4","Ser mais de boas","Nada em especifico","Liderar bem o Mandacaru"
"13","3","3","3","5","4","3","4","3","3","Nada em especifico","Nada em especifico","Ser uma pessoa agradável e proativa"
"14","4","4","4","4","4","4","3","2","2","Ser mais empático com os colegas. Melhorar a parte emocional.","Nada específico","Ser uma pessoa proativa"
"15","3","3","3","3","4","3","4","4","4","Nada em especifico","Nada específico","Ser uma pessoa proativa "
"16","4","4","4","4","5","2","4","2","3","Trabalhar mais a parte organizacional e a parte empática","Nada em específico","Ser competente e um bom tutor"
"17","4","4","3","4","4","2","2","4","4","Tomar mais cuidado na organização dos objetos e da sala.","Trabalhar apenas o mínimo possível.","Trabalhando bem em todas suas atividades."
"18","1","3","1","5","3","3","5","5","5","Organizar melhor seu tempo (tu tem que dormir Guri kk)","Trabalhar até tarde e acordar atrasado.","Ser uma pessoa confiável e que resolve problemas"
"19","4","3","2","4","4","3","4","3","4","Ser mais confiante em seus conhecimentos","não sei.","Trabalhando duro."
"20","2","3","1","2","3","1","2","4","4","Tomar maior parte nas atividades da equipe e nos problemas práticos que surgirem.","Deixar as cosias desorganizadas no final do expediente.","Adquirindo conhecimento"
"21","4","5","4","4","4","3","3","5","3","Aumentar o sua cooperação com as outras áreas do projeto.","Não sei.","Manter o foco em fazer um bom projeto e relatório."
"0","4","3","0","2","1","3","3","4","3","Se comunicar mais.","Ter medo de executar tarefas práticas","Adquirindo conhecimento"
"1","0","3","1","1","3","1","2","3","4","Focar em entregar as atividades no prazo e a  tempo. Tomar atividades para si em detrimento dos outros e não comunicar problemas e atrasos. Focar em realizar as atividades bem.","",""
"2","5","5","3","4","4","4","5","3","4","Ser mais participativo nas reunioes e decisões da equipe,Nada,Sendo a pessoa confiável e pontual do aero.","",""
"3","4","4","1","3","4","4","4","4","5","Ter mais calma","Só pensar nos problemas do aero","Se esforçando no projeto da aeronave"
"4","3","3","4","4","5","2","3","3","4","Não sei.","Não sei.","Não sei."
"5","3","5","5","5","5","4","5","5","5","Acho que uma pessoa só não dá pra fazer mais nada além do que já faz kk","Carregar o aero nas costas","Sendo a líder do projeto."
"6","4","3","5","4","4","5","3","2","3","Observar melhor as decisões tomadas em reuniões para que não ocorram falhas de comunicação","Tomar ações muito energéticas com os aspirantes.","Sendo uma das melhores chefes de área do projeto."
"7","2","2","2","3","3","2","2","4","3","Ser mais organizado em suas atividades.","Não sei.","MAnter seu interesse nos estudos aeronáuticos."
"8","4","3","1","2","1","3","4","3","2","Focar em usar melhor seu tempo de projeto para coisas do rpojeto","Ser excessivamente quieto.","Ajudando todos em suas atividades"
"9","5","5","3","4","5","5","4","2","4","Focar mais em utilizar os recursos do aero para questões do aero.","Utilizar termos rebuscados o tempo todo sem motivo.","Trabalhando duro."
"10","3","4","3","5","4","3","4","3","3","Distribuir melhor seu tempo entre seus projetos","Desistir de certas atividades rápido demais","Sendo pró-ativo"
"11","3","3","4","5","5","4","4","3","3","Não sei.","Ser defensiva demais em certas situações.","Liderando bem o projeto aeronaútico."
"12","4","5","5","5","5","3","5","5","5","Nada","Nada","Todas as suas atividades com excelencia"
"13","2","3","2","2","3","2","3","3","3","Não sei","Não sei","Não sei"
"14","3","3","5","4","3","3","3","4","2","Não sei","Não sei","Não sei"
"15","2","4","3","4","3","1","4","1","2","Ser mais profissional em suas relações.","Levar as coisas para o lado pessoal.","Se esforçando para tornar o projeto competitivo e inovador."
"16","4","5","2","4","2","3","4","5","3","Tentar compreender melhor o que lhe é passado e perguntar mais se não tiver entendido.","Esquecer o que lhe é passado","Trabalhando continuamente em suas atividades."
"17","5","3","3","3","3","3","3","5","3","Frequentar mais turnos a noite se possivel","Se dispersar na gora do espediente","Continuar com o ritmo de produtividade"
"18","5","3","3","3","3","3","3","5","3","Frequentar mais turnos a noite se possivel","Se dispersar na gora do espediente","Continuar com o ritmo de produtividade"
"19","4","5","3","5","5","4","5","5","5","Pensar no melhor pro projeto acima de opiniões pessoais","Não sei","Continuar com o empenho pela equipe"
"20","2","3","2","5","4","4","4","2","3","Procurar cumprir o expediente a noite com mais frequencia","Se preocupar demais com os resultados e falhas","Se empenhando pelo projeto"
"21","5","5","5","5","5","5","5","4","3","Sair um pouco mais da sala e tentar algo mais prático","Jogar dentro da sala, pois leva seus companheiros ao desfoco","Se doando para o projeto e continuar com seu excelente trabalho"
"0","4","3","2","3","3","5","4","5","5","Buscar maior proatividade e tentar se sobressair ","Parar de ficar na dele e interagir mais na sala ","Se esforçando e dando seu melhor "
"1","4","5","4","4","3","4","5","5","5","Ser um pouco mais aberto e mostrar para a equipe de forma clara o seu trabalho","Parar de ficar muito no seu canto","Um excelente trabalho e ser extremamente solícito"
"2","3","3","2","2","3","3","3","4","3","Começar a expor e aparecer mais para a equipe pois seu trabalho não é notado","Parar de ficar inclusa só com a amiga e socializar mais ","Seu trabalho de forma correta"
"3","4","4","2","3","3","5","4","4","3","Ficar mais na sala ","Parar de ficar imersa no seu mundo ","Seu trabalho de forma correta "
"4","4","4","5","5","5","4","5","3","4","Se doar um pouco mais a equipe","Parar de não expor seu trabalho para o grupo","Seu trabalho e manter seu espírito de colaboração e liderança"
"5","4","4","4","4","2","4","4","2","4","Ser mais comunicativa ","De alfinetar a equipe","Utilizar sua inteligência para um bom trabalho"
"6","5","5","5","5","4","4","5","5","5","Começar a forçar mais","Parar de se intrometer em qualquer conversa ","Se doando para a equipe"
"7","4","4","3","3","3","4","5","5","5","Se comunicar mais é expor melhor suas ideias","Ficar calado em reuniões","Ser solícito"
"8","4","4","4","4","2","4","5","4","4","Se comunicar mais","Tentar ser menos conservadora ","Seu belo trabalho"
"9","3","3","2","3","4","4","4","2","2","Expor mais seu trabalho para que a equipe valorize o mesmo","De não ficar trabalhando junto com o grupo","Seu trabalho de forma correta "
"10","3","2","5","5","5","5","5","3","3","Aparecer mais","Parar de deixar seu trabalho pouco visível ","Entelando bem"
"11","4","4","5","5","5","5","5","4","5","Ser menos chata","De ser chata","Seu trabalho com qualidade"
"12","4","4","5","5","4","4","4","4","5","Não sei","Não sei","Não sei"
"13","4","4","5","5","5","5","5","5","4","Não sei","Não sei ","Não sei "
"14","4","4","4","4","3","4","4","4","5","Focar mais no seu trabalho","Ajudadar todo mundo e desfocar do seu trabalho","Ajudando assim que puder "
"15","4","4","5","4","4","4","4","4","4","ExpÃ´r mais seu trabalho para a equipe","Parar de fazer atividades extras Mandacaru no horário de trabalho","Não sei "
"16","4","4","4","4","4","4","5","4","4","Não sei ","Não sei","Não sei "
"17","4","4","5","4","5","4","4","3","4","Focar em outras coisas sem ser um trabalho específico","Parar de ficar só no lapras ","Não sei "
"18","4","4","3","3","4","3","4","3","4","Começar a se dedicar mais para o grupo","Parar de entrar e sair na hora exata ","Se esforçando "
"19","4","4","5","5","5","4","5","4","4","Não sei","Não sei ","Não sei"
"20","5","5","5","5","5","4","5","4","5","Não sei","Não sei","Seu excelente trabalho"
"21","4","4","4","4","4","4","5","4","5","Não sei","Não sei","Seu excelente trabalho"
"0","4","5","4","5","5","4","5","5","5","Dividir melhor as atividades entre todos os aspirantes da área","Hmmm ... ","O que tem feito "
"1","4","5","4","5","5","4","5","5","5","Dividir melhor as atividades entre todos os aspirantes da área","Hmmm ... ","O que tem feito "
"2","2","2","3","3","2","4","4","4","4","Aparecer durante o expediente","Não sei ","Não sei tbm "
"3","2","2","3","3","2","4","4","4","4","Aparecer durante o expediente","Não sei ","Não sei tbm "
"4","5","5","3","4","5","5","5","5","5","Hmmm","Não sei ","Tá fazendo direitinho "
"5","3","4","5","5","5","5","5","5","4","Ser mais presente em sala no horário de trabalho","Talvez se colocar sem querer como exceção ","Sendo atenciosa, prestativa, proativa, esforçada e etc."
"6","5","5","1","3","0","4","3","4","3","Se comunicar","Ser ignorante","Seu trabalho em aerodinâmica"
"7","4","5","0","4","1","1","3","5","4","O trabalho teórico na área de estruturas","Somente a as partes práticas legais","Não sei "
"8","4","5","2","4","5","5","5","2","2","ser mais tolerante","intransigente ","ser aplicado"
"9","5","5","4","4","0","5","5","4","4","Sei não","Se comunicar melhor ","Seu trabalho "
"10","5","5","4","4","3","5","3","3","3","Entender que o projeto n gira em torno da área dela","Parar de ser uma pessoa mimada e egoísta","Seu trabalho "
"11","5","5","3","4","4","4","5","5","5","Não sei ","Não sei ","Seu trabalho está bem ok !"
"12","5","5","5","5","5","5","5","5","5","Não sei ","Não sei ","Seu trabalho tá bem ok !"
"13","4","4","3","3","2","3","4","5","3","Não tenho opinião sobre isso","Não tenho opinião sobre isso","Não tenho opinião sobre isso"
"14","5","5","0","2","0","4","3","4","2","Participar de sua outra área ","Não sei ","Seu trabalho em desempenho"
"15","5","5","4","4","5","4","4","5","5","Discutir mais com os outros membros de estabilidade, principalmente agora depois da saída de Victor","Nada.","Continuar sendo empático, legal e responsável"
"16","5","5","4","4","5","5","5","3","4","Ser uma pessoa mais de boa","Ser muito rígido nas suas opiniões","Seu trabalho em gestão que é bastante organizado !"
"17","4","4","3","4","5","5","4","4","3","Não tenho opinião sobre isso","Não tenho opinião sobre isso","Não tenho opinião sobre isso"
"18","5","5","4","5","5","5","5","5","5","Não sei","Nada","Sendo uma pessoa, empática e disposta sempre a ajudar"
"19","4","5","5","5","4","3","5","5","4","Não tenho opinião sobre isso","Não tenho opinião sobre isso","Não tenho opinião sobre isso"
"20","5","5","5","5","5","5","5","5","5","Não sei ","Não sei ","Levantando debates sobre a estrutura e profundidade da Equipe, como valores, missão e etc "
"21","4","5","2","3","4","3","4","3","2","Não tenho opinião sobre isso","Não tenho opinião sobre isso","Não tenho opinião sobre isso"
"0","5","5","5","5","5","3","5","5","5","Não tenho opinião sobre isso","Não tenho opinião sobre isso","Não tenho opinião sobre isso"
"1","5","5","3","5","5","5","5","5","4","Não tenho opinião sobre isso","Não tenho opinião sobre isso","Não tenho opinião sobre isso"
"2","3","4","3","5","5","4","5","3","4","Não tenho opinião sobre isso","Não tenho opinião sobre isso","Não tenho opinião sobre isso"
"3","5","5","4","5","5","4","5","4","4","Falar mais baixo quando tem muita gente na sala trabalhando ","Não sei ","Formas de fazer sua área interagir e ajudar as outras"
"4","5","3","2","3","4","3","4","2","2","Não tenho opinião sobre isso","Não tenho opinião sobre isso","Não tenho opinião sobre isso"
"5","5","5","4","4","4","5","3","5","5","Acho que a equipe de gestão poderia, compartilhar mais informações para que todos os membros fiquem integrados","Nada","Cumprir suas atividades com excelencia"
"6","5","5","2","5","5","4","5","5","3","Não tenho opinião sobre isso","Não tenho opinião sobre isso","Não tenho opinião sobre isso"
"7","5","5","5","5","4","3","3","5","4","Não sei ","Não sei ","O Lapras !!!"
"8","5","5","4","5","5","5","4","5","5","Ser mais seguro !!","Não sei ","O que tem feito "
"9","5","5","4","5","5","5","5","5","5","Não sei ","Não sei ","Seu trabalho em EletrÃ´nica, pois ele parecer fazer com muita vontade !"
"10","5","5","3","4","3","5","5","5","5","Tentar assumir uma postura com mais segurança","Ser timida","Ser responsável e continuar cumprindo suas obrigações até o fim da temporada"
"11","5","5","5","5","5","5","5","4","5","Nao sei","Não sei","Continuar discutindo bastante, continuar assumindo as responsabilidades com segurança."
"12","5","5","3","5","3","5","4","4","3","Trabalhar mais a questão pessoal, sendo menos tímida e mais segura na hora de falar","Nada","Se dedicar tanto quanto continua se dedicando"
"13","5","5","3","5","4","5","5","5","3","Trabalhar mais suas aptidões de liderança","Nada","Cumprindo as atividades, sendo proativo"
"14","5","5","4","5","5","5","5","5","5","Acho que poderia tentar inovar mais, trazer novas atividades e melhorias pra a área de desempenho","Nada","Suas atividades, conduzir os aspiras para que desempenhem suas atividades da melhor forma"
"15","5","5","5","5","5","5","5","5","5","Não sei","Nada","Continuar se dedicando e sendo proativa e responsável do jeito que é"
"16","5","5","5","5","5","5","5","5","5","Acho que o grupo de gestão como um todo, pode se tornar mais próximo da parte de projeto aeronáutico","Nada","Suas atividades"
"17","5","5","5","5","5","5","5","4","5","Se estressar menos durante as reuniões","Nada","Conduzir e integrar a equipe de gestão"
"18","5","5","5","5","5","5","5","4","4","Nada","Nada","Cumprindo suas responsabilidades, de forma eficiente e escutando todos os membros da sua área"
"19","5","5","3","5","3","5","5","5","3","Melhorar a comunicação","Nada","Cumprir suas responsabilidades"
"20","5","5","4","5","5","5","5","5","4","Nada","Nada","Cumprindo suas atividades e responsabilidades, contribuir com novas ideias"
"21","5","5","4","5","4","5","5","5","4","Contribuir com novas idéias","Nada","Comprimido suas responsabilidades"
"0","5","5","3","3","4","5","5","5","5","mais liderança","não sei","sendo competente"
"1","5","5","4","4","5","4","5","5","5","Nada","Acho que a s vezes ele se exalta e fala um pouco alto o que acaba atrapalhando as atividades dos outros membros","Cumprindo suas responsabilidades"
"2","5","5","4","5","5","5","5","3","5","Acho que alguma vezes Renata fica um pouco impaciente diante de algumas situações, acho que ela poderia melhorar isso","Impaciente","Segurando a firmes diante de todos os problemas e sendo uma ótima lider"
"3","5","4","5","5","5","4","4","5","5","Nada","Nada","Continuar sendo proativo, trazendo sua experiência de outras áreas para ajudar o projeto"
"4","5","5","4","4","4","5","5","5","5","Nada","Nada","Sendo intressado, buscar conhecer cada vez mais do assunto, tirando todas as duvidas"
"5","5","5","5","5","5","5","5","5","5","Nada","Nada","Continuar buscando conhecimento na sua área de atuação, sendo a pessoa responsável e disposta que parece ser. Alem disso, deve continuar impondo sua posição acho que ele sempre agrega bastante"
"6","5","5","4","5","5","5","5","5","5","Trabalhar suas atividades de lider","Nada","Desempenhar suas funções da melhor maneira"
"7","5","5","4","5","5","5","5","5","5","não sei responder","não sei responder","ajudando a equipe"
"8","5","5","5","5","5","5","5","5","5","não sei responder","não sei responder","sendo proativo"
"9","5","4","4","5","5","5","5","5","5","não sei responder","não sei responder","ajudando a equipe"
"10","5","5","4","5","5","5","5","5","5","não sei responder","não sei responder","sendo prestativo"
"11","5","5","5","5","5","5","5","5","5","não sei responder","não sei responder","sendo prestativa"
"12","5","5","5","5","5","4","5","5","5","não sei responder","não sei responder","sendo comunicativo"
"13","5","5","5","5","5","5","5","5","5","não sei responder","não sei responder","ajudando a equipe"
"14","5","5","5","5","5","5","5","5","5","não sei responder","não sei responder","sendo responsável"
"15","5","4","4","5","5","5","5","5","5","não sei responder","não sei responder","sendo prestativa"
"16","5","5","5","5","5","5","5","5","5","não sei responder","não sei responder","sendo proativa"
"17","5","5","5","5","5","5","5","5","5","não sei responder","não sei responder","sendo proativa e responsável"
"18","5","5","5","5","5","5","5","5","5","não sei responder","não sei responder","sendo prestativo"
"19","5","5","4","5","4","5","5","5","5","não sei responder","não sei responder","sendo colaborativo"
"20","5","5","4","5","5","5","5","5","5","não sei responder","não sei responder","sendo responsável"
"21","5","5","5","5","5","5","5","5","5","não sei responder","não sei responder","sendo prestativo"
"0","5","5","4","5","5","5","5","5","5","não sei responder","não sei responder","sendo colaborativo"
"1","5","5","5","5","5","5","5","5","5","não sei responder","não sei responder","sendo responsável"
"2","5","5","5","5","5","5","5","5","5","não sei responder","não sei responder","sendo colaborativo"
"3","5","5","4","5","5","5","5","5","5","não sei responder","não sei responder","sendo colaborativo"
"4","5","5","4","5","5","5","5","5","5","não sei responder","não sei responder","sendo colaborativa"
"5","5","5","5","5","5","5","5","5","5","não sei responder","não sei responder","sendo proativo"
"6","5","5","3","5","5","5","5","5","5","nao sei o que responder",".nao sei o que responder","nao sei o que responder"
"7","5","5","4","5","2","5","3","5","5","nao sei o que responder",".nao sei o que responder","nao sei o que responder"
"8","5","5","5","5","5","5","5","5","5","nao sei o que responder","nao sei o que responder","nao sei o que responder"
"9","5","5","5","5","5","5","5","5","5","nao sei o que responder","nao sei o que responder","nao sei o que responder"
"10","5","5","5","5","5","5","5","5","5","nao sei o que responder","nao sei o que responder","nao sei o que responder"
"11","5","5","5","5","5","5","5","5","5","nao sei o que responder","nao sei o que responder","nao sei o que responder"
"12","5","5","5","5","5","5","5","5","5","nao sei o que responder","nao sei o que responder","nao sei o que responder"
"13","5","5","5","5","5","5","5","5","5","nao sei o que responder","nao sei o que responder","nao sei o que responder"
"14","5","5","5","5","5","5","5","5","5","nao sei o que responder","nao sei o que responder","nao sei o que responder"
"15","5","5","5","5","5","5","5","5","5","nao sei o que responder","nao sei o que responder","nao sei o que responder"
"16","5","5","5","5","5","5","5","5","5","nao sei o que responder","nao sei o que responder","nao sei o que responder"
"17","5","5","5","5","5","5","5","5","5","nao sei o que responder","nao sei o que responder","nao sei o que responder"
"18","5","5","5","5","5","5","5","5","5","nao sei o que responder","nao sei o que responder","nao sei o que responder"
"19","5","5","5","5","5","5","5","5","5","nao sei o que responder","nao sei o que responder","nao sei o que responder"
"20","5","5","5","5","5","5","5","5","5","nao sei o que responder","nao sei o que responder","nao sei o que responder"
"21","5","5","5","5","5","5","5","5","5","nao sei o que responder","nao sei o que responder","nao sei o que responder"
"0","5","5","5","5","5","5","5","5","5","nao sei o que responder","nao sei o que responder","nao sei o que responder"
"1","5","5","5","5","5","5","5","5","5","nao sei o que responder","nao sei o que responder","nao sei o que responder"
"2","5","5","5","5","5","5","5","5","5","nao sei o que responder","nao sei o que responder","nao sei o que responder"
"3","5","5","5","5","5","5","5","5","5","nao sei o que responder","nao sei o que responder","nao sei o que responder"
"4","5","5","5","5","5","5","5","5","5","nao sei o que responder","nao sei o que responder","nao sei o que responder"
"5","5","5","5","5","5","5","5","5","5","nao sei o que responder","nao sei o que responder","nao sei o que responder"
"6","5","5","5","5","5","5","5","5","5","---","---","Bom trabalho"
"7","4","5","4","5","5","5","5","5","5","---","---","Bom trabalho"
"8","5","5","4","4","5","5","5","5","5","---","---","Bom trabalho"
"9","5","5","5","5","5","5","5","5","5","---","---","Bom trabalho"
"10","4","4","5","5","5","5","5","5","5","---","---","Bom trabalho"
"11","5","5","0","3","0","4","4","5","4","Falar mais ","Ser tão introvertido ","Trabalho bem e sempre. Dedicado "
"12","5","5","4","5","5","5","5","5","4","Falar menos sobre assuntos fora do projeto ","Ser disperso ","trabalhar com Responsabilidade "
"13","5","5","5","5","5","5","5","5","5","Não sei ","Falar tanto de coisas não relacionada ao projeto durante o expediente ","trabalhar com bom humor e tranquilidade "
"14","5","5","3","5","5","4","5","4","3","Falar mais baixo ","Dispersar tanto durante o expediente ","trabalhar com bom humor e tranquilidade "
"15","5","5","4","5","5","5","5","4","5","Saber ouvir mais e ser mais objetiva","Discutir tanto tudo. ","Querer sempre tudo bem feito e da forma certa"
"16","5","3","5","5","5","5","5","5","3","Ser mais focado durante o expediente ","Falar alto e brincar tanto durante o expediente","Ser responsável e competente "
"17","5","5","2","3","3","4","4","4","4","Ser mais proativo","Ser tão introvertido ","Ser pontual e responsável "
"18","5","5","4","3","5","4","5","4","5","Mais eficiente nas atividades","Dispersar tanto durante o expediente","Sinceridade "
"19","5","5","2","4","5","5","5","5","4","Assumir mais responsabilidades","Ser tão ingênuo ","Sendo leve e tranquilo "
"20","4","4","3","4","4","3","4","4","3","Talvez brincar menos","-","tudo que já faz"
"21","4","4","3","4","4","3","4","4","3","Talvez brincar menos","-","tudo que já faz"
"0","4","5","4","4","5","4","5","5","4","-","-","Tudo que já faz"
"1","5","3","3","3","4","4","4","4","3","-","tudo que já faz",""
"2","5","5","3","4","4","4","4","4","4","Ser menos tímido","-","Tudo que já faz"
"3","4","5","5","5","5","4","4","4","4","-","-","Tudo que já faz"
"4","5","5","3","3","2","2","3","5","5","Não sei","Não sei","Não sei"
"8","5","5","2","4","2","3","3","5","3","Não sei","Não sei","Não sei"
"9","4","4","0","0","2","2","3","5","2","Não sei","Não sei","Não sei"
"10","3","3","3","3","3","3","3","3","3","Não sei","Não sei","Não sei"
"11","4","5","4","5","5","4","5","5","3","Não sei","Não sei","Não sei"
"12","5","5","2","4","5","5","3","0","2","Não sei","Reduzir a frequência de reclamações","Não sei"
"13","5","5","4","5","4","3","4","5","4","Não sei","Não sei","Não sei"
"14","3","4","1","2","2","3","4","5","4","Melhorar a comunicação","Não sei","Não sei"
"15","4","5","2","5","5","5","5","5","0","Não sei","Evitar usar o computador do projeto para fins pessoais no horário de expediente (a noite)","Não sei"
"16","3","5","5","5","5","3","5","5","5","Não sei","Não sei","Não sei"
"17","4","5","4","5","5","3","5","5","5","Se concentrar durante o horário de expediente","Falar alto durante o expediente","Não sei"
"18","2","5","3","4","3","1","3","5","4","Aceitar opiniões de outras pessoas","Tentar impor sua vontade ","Não sei"
"19","4","5","5","5","5","4","5","5","5","Não sei","Não sei","Não sei"
"20","4","5","2","3","4","3","3","3","4","Não sei","Não sei","Não sei"
"21","3","5","4","5","5","3","5","4","4","Não sei","Não sei","Não sei"
"0","5","5","0","3","3","3","4","5","5","Não sei","Não sei","Não sei"
"1","4","5","4","4","4","4","4","4","4","Não sei opinar","Não sei opinar","Dedicado"
"2","4","5","4","5","5","3","5","5","5","Ser mais rígido em algumas situação","Não sei opinar","Dedicado e positivo"
"3","5","5","3","4","4","5","5","5","5","Não sei opinar","Não sei opinar","Ser empenhada"
"4","3","4","4","5","5","4","5","4","5","Não sei opinar","Não sei opinar","Ser proativo"
"5","5","5","1","5","3","5","4","5","5","Não mais comunicativa","Não sei opinar","Ser dedicada"
"6","4","4","3","4","4","4","4","4","4","Não sei opinar","Não sei opinar","Não sei opinar"
"7","5","5","2","3","3","3","4","4","4","Ser mais comunicativo e expor mais suas opiniões","Não sei opinar","Ser pontual e dedicado"
"8","3","5","4","4","4","5","4","4","4","Não sei opinar","Não sei opinar","Dedicada"
"9","3","4","3","4","4","4","4","4","4","Não sei opinar","Não sei opinar","Ser proativa"
"10","4","4","4","4","4","4","4","3","3","Aceitar mais opiniões de terceiros ","Repetitiva","Ser empenhanda"
"11","4","4","5","5","5","4","5","5","5","Não sei opinar","Não sei opinar","Ser dedicado "
"12","4","4","2","4","3","4","4","4","4","Não sei opinar","Não sei opinar","Ser dedicado "
"13","4","4","3","4","4","4","4","3","4","Não sei opinar","Não sei opinar","Ser dedicado "
"14","4","5","5","5","5","4","5","5","5","Não sei opinar","Não sei opinar","Ser dedicado "
"15","4","5","3","4","5","4","4","4","4","Não sei opinar","Não sei opinar","Ser dedicado e animado"
"16","2","5","5","5","5","4","5","3","5","Ser mais pontual","Nada","Ser apaixonada pela equipe"
"17","5","5","4","5","4","4","4","4","4","Não sei opinar","Não sei opinar","Ser dedicado"
"18","4","4","4","4","4","4","4","4","4","Não sei opinar","Não sei opinar","Ser dedicado"
"19","4","4","4","4","4","4","4","4","4","Não sei opinar","Não sei opinar","Ser dedicada"
"20","5","5","3","5","4","4","4","4","5","Não sei opinar","Não sei opinar","Ser dedicado"
"21","5","5","4","4","3","4","4","5","4","Ser mais comunicativo (menos tímido)","-","Tudo que já faz"
"0","4","5","3","3","4","4","3","5","4","-","-","Tudo que já faz"
"1","5","5","4","4","3","4","5","5","4","Expor mais sua opinião","-","Sendo prestativo, atencioso com o projeto e etc"
"2","4","3","3","4","5","4","4","4","4","-","--","Tudo que já faz"
"3","4","4","5","5","5","5","5","4","4","Agir com mais calma em certas situações, não fazer as atividades com pressa ou agonia sem tanta necessidade (apesar de fazê-las bem).","-","Tudo que já faz"
"4","4","4","4","4","5","4","4","4","4","Ser mais líder, menos chefe (mandar é diferente de pedir)","*Mandar* as pessoas fazerem algumas atividades, talvez mudar o tom ou o jeito com que faz isso.","Quase tudo que já faz"
"5","4","4","3","3","5","4","5","5","4","-","-","Tudo que já faz"
"6","4","5","4","4","3","3","4","4","4","Ser menos tímido, talvez","-","Quase tudo que já faz"
"7","4","3","1","3","3","4","4","4","3","Buscar mais comunicação sobre a realização de suas atividades","Não tenho opinião","Mantendo sua organização e empenho em aprender"
"8","3","5","3","4","4","4","5","5","5","Não tenho opinião.","Nada.","Mantendo o clima de união da equipe. Ele faz isso muito bem!"
"9","3","2","1","2","3","4","3","5","3","Não tenho opinião","Nada.","Continuar procurando auxílio quando não for possível cumprir uma atividade"
"10","5","5","3","4","4","5","5","5","5","Nada.","Nada.","Deve manter-se focada em cumprir com a grande responsabilidade a que foi atribuída"
"11","5","5","4","4","4","3","4","3","5","Nada.","Nada.","Não tenho opinião"
"12","5","5","3","5","3","5","4","5","4","Nada.","Nada.","Deve manter-se responsável e motivada em solucionar um grande problema de comunicação antigo entre duas áreas do projeto aeronáutico como tem feito até então"
"13","4","4","3","3","2","4","3","4","3","Comunicar quando não for possível realizar atividades ou informar suas dificuldades.","Assumir responsabilidade que não tem segurança para cumprir para dar a impressão de proatividade.","Não tenho opinião"
"14","4","4","2","3","2","5","3","5","3","Deve buscar um maior capacitação dentro de sua função","Nada.","Deve manter sua assiduidade."
"15","5","3","3","5","4","5","3","3","3","Procurar se acalmar diante de situações adversas.","Nada.","Mantendo seu comprometimento que permitiu grande dedicação a não se afastar da equipe apesar de todas as dificuldades pessoais."
"16","5","3","3","5","4","5","5","5","3","Nada, cumpre suas atividades exemplarmente.","Nada.","Mantendo a criatividade e empenho em sua função."
"17","3","4","4","4","4","3","4","3","4","Nada.","Nada.","Mantendo a criatividade e empenho em sua função."
"18","2","2","0","2","3","3","1","1","4","Buscar tornar o baja uma prioridade","Ignorar as criticas e achar que os outros estão sempre errados","Deve continuar buscando coisas novas"
"19","2","2","0","2","3","3","1","1","4","Buscar tornar o baja uma prioridade","Ignorar as criticas e achar que os outros estão sempre errados","Deve continuar buscando coisas novas"
"20","3","4","1","2","2","3","3","4","4","Buscar resolver todas as atividades que se propÃ´s a realizar","Achar que está sempre tudo bem","Tentando ajudar as pessoas"
"21","4","3","4","5","5","4","4","4","4","Começar a dizer ""não"", para não acabar ficando sobrecarregado","Nd","Continuar dando o melhor sem medir esforço para atingir os objetivos e sempre com os pés no chão na hora de traçar as metas"
"0","4","3","4","5","5","4","4","4","4","Começar a dizer ""não"", para não acabar ficando sobrecarregado","Nd","Continuar dando o melhor sem medir esforço para atingir os objetivos e sempre com os pés no chão na hora de traçar as metas"
"1","4","4","3","5","5","5","4","2","5","Ouvir os demais com mais calma.","Parar de assumir uma atitude omissa quando lhe criticam.","Sendo a garota amável e dedicada que é."
"2","3","4","3","3","2","4","2","2","2","Escutar as outras pessoas quando for criticado","Deve parar de retrucar sempre que for contrariado ou criticado","Continuar levando seu trabalho de forma organizada e sempre buscando aprender"
"3","4","5","3","3","5","3","4","5","5","Desenrolar mais.","Não sei responder.","Sendo comunicativo e gentil."
"4","2","2","2","2","3","2","3","3","4","Buscar ser mais direto em tudo o que faz","Sempre ter uma desculpa para trabalho não realizado","Sempre se importar o outro ao seu lado, sempre observando o lado humano"
"5","2","4","2","4","3","1","4","1","2","Buscar organizar melhor suas atividades e o local de trabalho","Falar de forma agressiva quando perde a paciência com o companheiro de trabalho","Sempre disposto a fazer tudo em prol da equipe"
"6","5","5","4","5","5","4","4","4","3","NSR.","NSR.","NSR."
"7","2","2","0","3","2","2","2","1","2","Buscar organizar melhor as atividades a serem realizadas e buscar ajuda sempre que for necessário  ","Tratar as pessoas de forma agressiva por problemas anteriores","Continuar buscando novas ideias e possibilidades na realização de suas tarefas"
"8","5","5","3","4","3","5","4","3","3","Suavizar um pouco o modo de comunicar-se.","Expressar-se de forma bruta.","Estimular a organização na equipe."
"9","3","4","2","3","1","3","3","4","4","Buscar comunicar-se melhor com os outros integrantes","Aceitar o que as pessoas falar com verdade","Continuar buscando aprender tudo que aparece próximo "
"10","4","4","2","3","3","4","3","1","1","Entender mais o que acontece no meio evitando conflitos","Parar de ficar sempre na defensiva, sempre tendo uma resposta pronta","Sempre buscando o que fazer e puxando as pessoas quando desfocam"
"11","4","4","3","3","4","3","4","4","3","Ter um pouco mais de controle dos prazos.","Buscar repassar a culpa.","Sendo responsável."
"12","3","1","1","1","3","3","3","3","3","Se preocupar mais com o grupo e não apenas com suas atividades","Colocar tudo a frente do baja, sempre pedindo tempo pra realizar outras atividades","Tentando ter um bom relacionamento com todos"
"13","2","4","2","3","4","1","1","1","3","Aceitar opiniões","Ignorar opiniões","Aguentar responsabilidades"
"14","4","5","5","4","5","4","5","5","3","Ser mais rápido","Reclamar","Ser humilde"
"15","3","2","5","5","5","5","4","2","4","Ser mais paciente ao explicar as coisas ","Dançar em público","Dar ideias boas"
"16","5","5","5","5","3","4","5","5","3","Se comunicar melhor","Brincadeiras","Ajudar quando é solicitado"
"17","3","5","4","4","1","4","2","0","0","Ouvir mais","Ser grosso sem necessidade ","Ser proativo"
"18","4","4","2","4","3","2","2","1","2","Deve buscar aceitar melhor as criticas","Responder a quase tudo se for contrariada mesmo que errada","Continuar se doando sempre buscando o melhor para o projeto"
"19","4","4","4","4","3","4","4","3","4","Buscar interagir mais com os outros a sua volta","nd","Continuar trabalhando de forma organizada e sempre tentando escutar o próximo para conseguir realizar o melhor trabalho "
"20","4","3","2","3","3","4","3","4","4","Deve começar a buscar mais o que se passa na equipe","Deve ser menos dependente","Deve continuar trabalhando de forma organizada e mantendo a calma em momentos de exaltação de outro."
"21","5","5","5","5","4","4","4","4","4","NSR","NSR","Ser a pessoa tranquila que provou ser nesta nova temporada."
"0","3","2","3","5","4","4","3","2","4","Interagir melhor com a equipe, aprender a ouvir críticas","no processo seletivo, fazer só o seu. sem engajamento","Empenhada em seu projeto"
"1","3","2","3","5","4","4","3","2","4","Interagir melhor com a equipe, aprender a ouvir críticas","no processo seletivo, fazer só o seu. sem engajamento","Empenhada em seu projeto"
"2","3","2","3","5","4","4","3","2","4","Interagir melhor com a equipe, aprender a ouvir críticas","no processo seletivo, fazer só o seu. sem engajamento","Empenhada em seu projeto"
"3","5","3","2","2","4","5","4","3","4","Escutar mais o que os outros tem a dizer de forma paciente. Estudar um pouquinho de português.","Escutar a opinião dos outros com a cara fechada.","Sendo simpático e responsável."
"4","5","4","1","3","0","3","3","3","2","ExpÃ´r suas ideias melhor, falar com clareza.","Ser apático.","Cumprindo com suas atividades de forma eficiente."
"5","5","5","3","4","4","5","5","3","3","Ter um pouco mais de tato nos contatos em geral.","Falar as coisas em tom de reclamação.","Sendo proativo e contribuindo para a organização da equipe constantemente."
"6","5","4","1","1","3","2","4","5","5","Tomar iniciativa","Fugir/desistir de atividades","Mantendo o ambiente calmo, leve"
"7","4","3","5","5","5","4","5","4","5","As vezes a gente sente saudade dele. Devia passar mais tempo aqui no baja.","no complaints","Mantendo o clima do ambiente leve"
"8","4","5","5","4","5","2","5","3","3","Começar atividades e ~terminar~","conversar menos","Mantendo o clima agradável. Ele sabe cobrar as pessoas sem ser chato"
"10","5","5","4","5","4","5","5","1","5","Ter um pouco mais de calma em expÃ´r suas opiniões.","Fechar-se com facilidade frente a  situações de estresse.","Dedicação exemplar ao time"
"11","5","5","5","5","5","5","5","5","5","Nada a declarar.","Nada a declara.","Sendo um membro exemplar."
"12","4","4","2","4","2","5","4","5","3","Ser mais comunicativo.","NSR"," NSR"
"13","2","3","3","3","1","4","3","2","4","Ser comunicativa,precavida, se importar mais com espírito de equipe.","Agir de maneira mais sensata","Estudando"
"14","4","3","2","2","3","3","1","2","2","Acho q deve se entrosar mais c a equipe, interagir mais com e como equipe, vejo muitas vezes isolamento","De se isolar da equipe","Sendo divertida, contadora de histórias e empenhada como sempre foi."
"15","4","3","2","2","3","3","1","2","2","Acho q deve se entrosar mais c a equipe, interagir mais com e como equipe, vejo muitas vezes isolamento","De se isolar da equipe","Sendo divertida, contadora de histórias e empenhada como sempre foi."
"16","4","3","3","2","4","4","4","5","4","Acho q será necessário tomar a equipe, o êxito da equipe, como uma prioridade maior, de um bom bajeiro se espera empenho grande.","De falar hã.","Ser um cara divertido, alegre p caramba q c sua alegria contagia os q estão em volta"
"17","2","2","4","5","3","2","3","5","4","Entendo totalmente q a carga horaria seja diferente e q no galpão n tenhamos as melhores estruturas p eletrÃ´nica, mas acho q seria muitíssimo importante haver um entrosamento maior c a equipe, não q haja isolamento, de forma nenhuma, mas o convívio maior tlvz fosse o q eu penso.","De achar q ta tocando bateria qnd anda pelo corredor. Rs. Acho q da p organizar melhor as coisas, as vezes deixa as coisas jogadas dps q acaba.","Ser um cara divertido, alegre p caramba q c sua alegria contagia os q estão em volta."
"18","4","5","4","4","4","3","4","4","3","Tlvz aproveitar melhor o tempo. Acho tbm q a responsabilidade de ser capitão não caiu na ficha. ","Não sei. Mas c ctz não pode deixar subir a cabeça o título de capitão, ter humildade é sempre necessário","Ser um cara divertido, alegre p caramba, positivo, confiante."
"19","4","4","3","4","4","4","3","4","3","Não sei.","Não sei.","Continuar levando o baja a sério."
"20","3","2","2","2","4","3","3","2","3","Acho q deves procurar ter mais paciência quando surge uma crítica ou questionamento direcionado a vc. Vi mais de uma vez vc ficar mt exaltado qnd houve discórdia numa discussão. a€° necessário levar o baja como uma prioridade maior tbm.","Godelar.","Ser um cara divertido e brincalhão, entretanto deve ter atenção p n passar dos limites, o q é frequente."
"21","2","4","1","2","2","3","4","4","3","Já vem fazendo, mas deve continuar melhorando a comunicação. Expor suas opiniões e estabelecer seu lugar é necessário. Intensificar a velocidade de trabalho urge.","Mandar as pessoas tomar no cu, ocasionalmente. Faz mal p todos. ","Sendo um cara calmo, esforçado e atencioso c os detalhes, sempre fazendo o melhor, qm trabalha bem sempre é reconhecido e tem lugar garantido."
"0","4","5","4","4","4","4","3","3","2","Os testes kkk, brinks, ser mais paciente, tentar dar mais valor ao convívio, como sei q já ta fazendo.","Mandar as pessoas tomar no cu, ocasionalmente. Faz mal p todos.  ","Vc deve continuar sendo um cara q veste a camisa do baja de verdade, q leva a equipe a sério, q realmente faz do baja uma prioridade, sem essas pessoas a equipe acaba. Continuar sendo um cara q trabalha sério, duro e faz o q é necessário e possível. Se só tivéssemos pessoas assim a equipe teria um futuro mt mais brilhante. Embora acredito já ter."
"1","3","3","3","2","4","3","3","4","4","Solucionar a caixa, falta mt coisa e não houve o empenho necessário ainda. a€° necessário levar a equipe mais a sério, ter a consciência das consequências, não se pode deixar as coisas p dps, pq da merda.mto importante agr: a€° preciso escutar mais os q tem mais experiência, na grande maioria das vezes eles sabem do q estão falando e estão dizendo o melhor caminho. a€° preciso confiar.",".","A caixa de redução."
"2","4","4","3","4","4","4","4","3","3",".","Whine like a lil kido, lol. You're getting there. ","Deve continuar levando o baja a sério, vestindo a camisa da equipe de verdade, o baja precisa de pessoas assim. Continuar melhorando na questão de relacionamento c as pessoas, digo no sentido de qnd há discordâncias e coisas do tipo, vc realmente vem melhorando mt e isso tem feito vc uma pessoa muito melhor de trabalhar. Sendo essa menina legal, animada q smp ta pronta p arregaçar as mangas e fazer um trabalho bem feito."
"3","4","4","1","2","2","2","1","1","2","trabalhar a comunicação de forma mais amigável, aprender a ouvir os demais integrantes","estresses desnecessarios e ignorancia com os outros","trabalho empenhado"
"4","4","4","4","4","5","4","4","3","3","Relatório do regional, lol. N sei mais oq. ","Sair da sala de rel e gritar no meio do galpão kkkkk. Para n, é engraçado p carai. Mano, tlvz vc deva dar mais atenção ao q causa isso, pode vir a te prejudicar seriamente no futuro.","Deve continuar levando o baja a sério, vestindo a camisa da equipe de verdade, o baja precisa de pessoas assim. Vc é um cara q se empenha bastante e é foda por isso."
"5","3","3","2","2","3","3","3","5","3","Se esforçar p se integrar mais ao grupo.",".","."
"6","4","4","1","3","4","2","4","5","4","Se impor e expor mais suas ideias, e se empenhar nas atividades",".","Sendo pontual, trabalho focado"
"7","4","4","1","3","4","2","4","5","4","Se impor e expor mais suas ideias, e se empenhar nas atividades",".","Sendo pontual, trabalho focado"
"8","4","3","2","5","3","4","4","4","4","Sem opinião para criticar","Ser fria","manter a proatividade"
"9","4","3","4","5","4","4","3","4","3","Estar mais presente","Quando pensar em desistir, tentar mudar o pensamento daquele ""programa""","Mantendo sua desenvoltura e desenrolar tudo o que faz "
"10","4","4","4","4","4","4","2","2","2",".","Brincadeiras em excesso ","Ser comunicativo"
"11","3","4","3","2","4","3","5","4","4","Tomar postura de líder ","Ser menos enrolado cm o q fazer","Comnucativo"
"12","4","5","5","5","3","4","5","2","3","Ter mais cuidado nas respostas","Responder alguns com grosseria","Liderar "
"13","3","2","2","3","3","2","1","2","1","O relatório semanal de CRE","Brincadeiras em excesso","."
"14","4","4","3","4","4","4","4","4","4","Não sei ","Não sei ","Evoluindo a eletrônica do baja"
"15","4","5","2","3","1","2","4","2","5","Voltar a ter mais paciência",".","."
"16","4","5","4","5","4","4","4","4","4","Sem criticas","Ser cabeca dura","Manter o compromisso com a equipe e a felicidade em passar a informação para o próximo "
"17","3","4","2","3","2","5","3","1","0","ter mais empatia com o próximo","Responder com grosseria","Cobrar organização"
"18","4","4","3","5","4","3","4","4","4","melhor a organização no ambiente de trabalho.",".","bom trabalho em equipe, e comunicação"
"19","4","4","3","4","4","5","4","4","3","Ouvir mais a opinião do outro","Seguir apenas a sua ideia em algumas situações ","Manter o interesse por conhecimento"
"20","3","2","3","4","3","3","4","4","3",".",".","."
"21","5","5","5","4","4","4","5","3","4",".",".","."
"0","5","5","5","5","5","5","5","5","5","Nada, ele é perfeito.","Roubar nossa atenção com aquela figura esplandecente  que inspira trabalho em equipe e perseverança","Nos liderar por este caminho difícil que é a vitória. Sua presença é fundamental para o bom direcionamento das nossas diretrizes."
"1","4","5","4","5","4","4","5","4","5",".",".","proatividade e comunicação"
"2","3","4","4","4","4","4","4","4","1",".",".","."
"3","3","4","5","3","5","5","5","2","3","Melhorar e desenvolver sua paciência ","Parar de se abalar quando estão falando sobre ele","Manter o papel de lider e de expressor de opinião "
"4","4","4","2","2","2","4","3","1","3","pensar melhor antes de falar","ignorancia","bom trabalho"
"5","4","4","5","5","5","3","4","3","2","Se portar no lugar do próximo em diversas situações ","ignorância ","Manter o conhecimento e forma de transmitir para a equipe. Alem da determinação e comprometimento"
"6","3","2","1","2","3","3","3","2","3","melhorar comunicação, passar melhor suas ideias","ignorancia ","."
"7","4","4","5","5","4","4","5","4","4","se policiar na hora de falar","ignorancia","bom trabalho em equipe"
"8","4","3","2","3","3","2","3","3","3","melhorar as relacoes entre companheiros de equipe","trazer respostas do trabalho dele muito tardes","trabalho dedicado"
"9","4","5","2","3","3","3","3","4","4","se comunicar mais e expor suas ideias","irritações demais","trabalho dedicado"
"10","4","4","3","3","4","4","3","4","4","melhorar comunicação",".","trabalho dedicado"
"11","4","5","3","4","3","4","4","2","3","pensar melhor na hora de cobrar ","de se tratar como a coitada de tudo","trabalho esforçado e proatividade "
"12","5","5","4","5","4","4","5","4","5",".",".","trabalho dedicado"
"13","4","3","2","3","1","3","2","3","4","Ser mais comunicativa, repassar mais o que está fazendo","Ficar atenta o quanto é necessário tirar expediente para estudar ","Ser mais paciente "
"14","4","4","2","3","3","3","4","4","4","se comunicar mais, principalmente em reunioes, expor ideias",".","trabalho dedicado"
"15","5","4","2","3","4","5","5","5","5","Tomar mais iniciativas ",".","Sendo organizado"
"16","5","4","4","5","4","4","4","5","5","Ser mais presente na equipe ",".","Sendo comunicativo, dedicado e sempre tratando bem os companheiros"
"17","5","5","3","3","5","4","4","4","3","Ser mais proativa ",".","Sendo um bom ouvinte "
"18","2","3","1","2","2","4","3","4","4","saber como lidar mais com as pessoas, saber quais palavras usar e como","Grosso","Dedicado"
"19","5","5","2","3","3","2","3","2","4","Ter mais zelo pelas coisas da equipe","Gritar desnecessariamente ","."
"20","4","5","4","4","3","3","4","3","4",".","evitar deixar que as coisas deem errado para falar","Mostrar-se Lider"
"21","3","4","2","2","2","4","3","3","3","Ser mais comunicativo, puxar a responsabilidade","n","n"
"0","3","4","2","2","3","4","3","3","4","n","n","n"
"2","4","4","3","4","4","1","3","1","2","Ser mais paciente","ser esquentado","n"
"3","3","4","1","2","2","4","3","5","3","melhorar comunicação e tomar postura de lider","n","n"
"4","4","4","4","4","3","4","4","2","2","Pensar antes de falar pra evitar confusões, melhorar pode de falar","n","n"
"5","2","3","3","2","3","3","4","4","3","Se mostrar mais comprometido com o projeto.","n","n"
"6","4","4","3","3","4","4","3","2","2","Aprender a ouvir criticas e pessoas com mais experiencia","deixar de se abusar com coisas pequenas","n"
"7","4","4","4","4","3","4","4","4","3","n","n","n"
"9","4","4","2","2","4","3","2","2","4","Aprender a ouvir críticas e filtrar o que for importante.","Perder a cabeça.","Preocupar-se com as pessoas ao redor e tentar manter o clima agradável."
"10","4","4","3","3","4","4","4","4","4","Ser independente, sair debaixo das asas dos veteranos e começar a tomar suas próprias responsabilidades.","Não se calar e mudar de ideia apenas porque alguém mais antigo acha que não é boa.","Buscar a coesão da equipe e dar seu máximo nos trabalhos."
"11","4","3","4","4","4","3","4","4","3","Organizar-se melhor: atividades a fazer, ambuente de trabalho, ideias.","Agarrar o mundo para si: tomar várias responsabilidades que para uma pessoa só fica muito pesado.","Ser a pessoa proativa que é e que trm um ótimo espírito de equipe."
"12","4","4","4","4","3","4","4","4","4","Procurar relaxar mais para o cansaço não afetar o trabalho na equipe.","Como capitão da equipe, não deixar emoções interferirem no andar da equipe.","Sendo esforçado e mantendo a equipe coesa."
"13","4","4","3","3","4","4","4","2","4","Ficar calmo e observar o comprometimento com as atividades.","Ficar estressado por pouco.","Estar disposto a realizar as atividades e pensar no bem da equipe."
"14","4","4","4","4","4","4","4","2","3","Retornou a  Igreja, o que é ótimo, ajuda a manter a calma e o equilíbrio.","Tratar as pessoas de forma grosseira, mesmo que sem querer.","Dedicado e esforçado."
"15","4","3","2","3","3","3","4","4","4","Rever a organização e a comunicação com a equipe.","Guardar as mensagens da equipe para si.","Acreditar na equipe e dar o seu melhor."
"16","4","3","2","3","3","3","4","1","3","Organizar-se e manter a calma, muita calma.","Perder a paciência com coisas poucas.","Comprometido e esforçado com a equipe."
"17","4","4","4","3","3","4","3","1","3","Tratar as pessoas melhor e dividir as atividades de COP com o restante da equipe, para não ficar sobrecarregado.","Agir de grosseria nas reuniões e no convívio comum.","Dedicado e esforçado."
"18","4","4","3","3","4","4","4","4","4","Organizar melhor suas atividades e tempo livre.","Ser agitador em reuniões.","Comprometido e esforçado."
"19","4","4","2","3","3","4","4","1","3","Rever as atitudes e manter a calma.","Perder a cabeça e guardar as coisas para si, acumulando emoções ruins.","Dedicada e esforçada, trabalhando bem."
"20","4","4","4","3","4","3","4","4","3","Organizar-se melhor e rever as atividades a serem desenvolvidas.","Ser submisso a opiniões de veteranos antigos e descartar suas próprias opiniões.","Esforçado e dedicado em prol da equipe."
"21","4","4","3","3","3","3","4","4","3","Organizar-se melhor quanto a atividades e tempo livre.","Distrair-se do foco.","Esforçado e dedicado com a equipe."
"0","3","2","2","4","2","2","4","4","5",".",".","."
"1","4","4","2","4","5","5","4","5","5","Ser mais lider",".","Comunicativo e prestativo."
"5","2","4","4","3","4","5","4","2","5","Tentar se comunicar melhor.",".","."
"6","2","4","5","5","4","4","4","3","4"," .","Tem estourado facilmente, coisa q nao vinha acontecendo","Estimular a equipe"
"7","3","2","4","4","3","5","4","3","4",".",".","Tem melhorado a comunicação ultimamente, vejo q ta se esforçando para isso e deve continuar."
"8","5","5","0","2","2","3","2","5","5",".","Ficar calado com coisas que o incomoda.","."
"9","4","3","3","5","2","5","4","0","4","Melhor a forma de comunicação.","Ser estressado.","Continuar sendo determinado com suas atividades."
"10","4","4","1","4","1","5","3","0","0","Tentar passar sua ideia de uma forma mais clara e sem ser arrogante.",".","Continuar sendo determinada em suas atividades."
"11","5","5","3","3","5","5","4","4","3",".",".","."
"12","3","3","2","4","5","5","5","5","5",".",".","Continuar sendo determinado, comunicativo, fala bem e ajuda os outros com suas atividades."
"13","3","3","3","5","4","5","4","2","4","Trabalhar a paciência","Faltas constantes","Proatividade"
"14","5","5","3","5","4","4","4","3","4","Trabalhar espírito de liderança","Demonstrar muita ansiedade durante o trabalho.","Pontualidade e assiduidade."
"15","4","4","3","5","4","3","4","4","4","Trabalhar espírito de liderança.","Avisar faltas em cima da hora.","Organização."
"16","4","5","5","4","4","3","5","4","4","Melhorar organização","Ser desorganizado.","Proatividade, liderança. "
"17","4","5","3","4","3","5","4","3","5","Trabalhar a comunicação.","Ser impaciente durante o trabalho. ","Proatividade, empatia. "
"18","3","3","2","4","2","4","3","3","2","estar mais presente na equipr principalmente nas reuniões","parar de ignorar as vezes quando o assunto nao é tao importante","Apesar das coisas, esta cumprindo seu papel na equipe"
"19","5","5","2","3","2","4","4","4","5","Apesar de toda a dificuldade no início do projeto, ja melhorou muito e deve continuar se esforcando para melhorar suas dificuldades cada vez mais. Agilizar o trabalho visto que esta ocupando uma função importante na equipe","Omitir sua opinião algumas vezes","Mantendo a calma e o comprometimento com a equipe e a forma de trabalhar em equipe independente da pessoa em que esta trabalhando conjuntamente"
"20","4","4","3","3","3","4","4","3","4","Melhorar a comunicação e espírito de liderança.","Ser impaciente durante o trabalho.","Assiduidade, organização."
"21","4","5","3","4","5","4","4","3","5","Melhorar espírito de liderança sob pressão.","Ser impaciente durante o trabalho.","Organização, assiduidade, proatividade."
"0","4","5","4","4","3","4","4","3","2","Como ja foi conversado, tentar tratar as pessoas de uma maneira melhor  (forma de falar)","As vezes falta o senso da ignorância o qual nao tem necessidade na maioria das situações, ja melhorou muito, mas ainda pode melhorar esse ponto ","Manter todo o comprometimento e seriedade com a equipe e com as tarefas realizadas o qual desempenha-as muito bem e de maneira agilizada"
"1","5","4","3","3","5","4","3","3","4","Melhorar empatia.","Evitar perder compostura durante reuniões. ","Comunicação, organização."
"2","4","3","5","4","5","3","4","4","5","Agilidade","Se organizar melhor no periodo para nao tirar todos esses dias para prova","Mantendo sua postura de lider e de oratória que quando se impõe fala coisas boas que se encaixam nas situações "
"3","5","5","3","4","4","2","5","3","4","Trabalhar comunicação, organização.","Avisar faltas em cima da hora. ","Assiduidade, pontualidade."
"4","4","4","3","4","4","4","3","3","4","Medir o jeito que cobra as pessoas, nao comigo especificamente, mais em geral...","Levar as reclamações pro lado emocional","Ja melhorou muito sua personalidade depois que entrou no baja "
"5","5","5","4","4","4","4","4","4","4","Melhorou muito sua comunicação apos quando foi falado na primeira avaliação, mas ainda da pra melhorar","Reclamar","Mantendo a competencia e empenho no trabalho"
"6","4","4","3","4","4","4","5","5","5","se esforcar para expressar mais suas opinioes sobre situacoes gerais em reunioes da equipe","Ficar isolado na dele quando algo lhe incomoda","Manter sua clareza de informações passadas e tranquilidade também "
"7","4","5","3","4","4","5","4","2","3","Travalhar paciência. ","Melhorar modo de se expressar em reunião.","Assiduidade, organização."
"8","4","4","3","4","5","4","4","3","4","Trabalhar paciência. ","Melhor controle emocional em reunião. ","Assiduidade, organização."
"9","4","5","3","4","4","4","3","2","5","Melhorar controle emocional. ","Perda do controle emocional em reuniões.","Empenho e foco é tudo que faz. "
"10","5","5","3","4","5","3","4","4","3","Melhorar espírito de liderança.","Ser desorganizado.","Foco nos deveres designados."
"11","4","3","2","3","4","4","2","3","2","Participar das reuniões de feedback semanais ",".","Tentando melhorar na comunicação"
"12","4","4","2","2","2","3","3","5","4","buscar melhorar sua comunicação","Ser omisso ","Se expressando nas reuniões, botando pra fora oq sente/o que acha "
"13","5","5","2","3","2","3","3","2","1","Buscar melhorar o jeito q cobra as pessoas ","Agir estupidamente","Sendo uns dos membros mais dedicado da equipe "
"14","4","2","2","2","2","4","4","5","5","será mais ativo","Deixar o baja em segundo plano ","."
"15","4","4","2","2","4","4","2","2","2","se policiar mais na maneira que fala com as pessoas ","n aceitar críticas ","Continuar tentando mudar seu comportamento "
"16","5","5","4","4","4","4","4","5","4","Expressar melhor duas ideias ",".","Sendo comunicativo "
"17","2","4","2","2","3","4","4","5","1","Ser mais pontual ",".","."
"18","3","3","5","3","5","5","5","5","5","Manter suas prioridades, mas dividir melhor seu tempo.","Não aparecer com frequência.","Focar apenas na sua atividade."
"19","4","4","2","4","1","5","5","5","4","Se comunicar mais, falar mais, dar sua opinião sobre as coisas.","Ficar com vergonha ou medo de se expressar.","Continuar dedicado a suas tarefas e em ajudar o time."
"20","4","5","4","5","5","4","5","5","5","Pedir para os presentes serem mais concisos durante as reuniões","perder a hora da reunião(pegar a chave da sala mais cedo)","se mantendo informado sobre as atividades do time e prestando ajuda"
"21","5","5","3","5","5","5","5","5","5","Ele eh de boa, nao tenho oq opinar","Ele eh de boa, tbm nao tenho oq opinar","Trabalhando"
"0","4","5","3","5","5","4","5","4","4","Se organizar melhor.","Parar de reprovar disciplinas.","Continuar com a empolgação."
"1","5","5","2","3","3","4","5","2","4","Não sei","Não sei","O que ele já faz"
"2","5","5","4","5","5","5","5","5","4","Não sei","Não sei","O que ele já faz"
"3","4","5","4","5","4","4","5","4","5","Não sei","Não sei","O que ele já faz"
"4","4","4","5","5","5","5","5","5","5","Não sei","Não sei","O que ele já faz"
"5","4","5","3","5","4","3","5","4","3","Trabalhar a capacidade de se expressar","Não sei","Não sei"
"6","5","5","5","5","5","5","5","5","4","Nada","Ta de boa","Trabalhando"
"7","3","2","3","4","5","3","5","5","5","Ser mais presente na gerência e desenvolvimento do projeto","Deve parar com os momentos relâmpago de presença (tenho 5 minutos para resolver com vocês e vou ter que ir para uma outra reunião...)","Manter empatia e comunicação com a equipe"
"8","5","4","0","1","1","2","1","1","0","Ser mais empático, saber definir as suas prioridades e ser mais proativo","Perder muito tempo com coisas que podem ser ignoradas/não são sua responsabilidade","Trabalhando bem, pois ele tem um bom background técnico "
"9","4","5","5","5","5","5","5","5","5","virar professor do cin","parar de dar aula fora da ufpe","multitasking"
